{"cameraMode":{"drawMode":0,"name":"Shaded","section":"Shading Mode"},"sceneLighting":false,"audioPlay":false,"sceneViewState":{"m_AlwaysRefresh":false,"showFog":true,"showSkybox":false,"showFlares":true,"showImageEffects":true,"showParticleSystems":true,"showVisualEffectGraphs":true,"m_FxEnabled":true},"in2DMode":false,"pivot":{"x":-1.2107475996017457,"y":3.1909708976745607,"z":-1.6268362998962403},"rotation":{"x":0.12847155332565309,"y":0.2591956555843353,"z":-0.034810781478881839,"w":0.9566053748130798},"size":3.77492094039917,"orthographic":false}