{"cameraMode":{"drawMode":0,"name":"Shaded","section":"Shading Mode"},"sceneLighting":true,"audioPlay":false,"sceneViewState":{"m_AlwaysRefresh":false,"showFog":true,"showSkybox":true,"showFlares":true,"showImageEffects":true,"showParticleSystems":true,"showVisualEffectGraphs":true,"m_FxEnabled":true},"in2DMode":false,"pivot":{"x":3.4278790950775148,"y":2.8174519538879396,"z":3.0636210441589357},"rotation":{"x":-0.24549131095409394,"y":0.28476855158805849,"z":-0.0756966695189476,"w":-0.923533022403717},"size":13.608617782592774,"orthographic":false}